sample	group	region	reference_build	genome_depth	genome_qc	gene	interval_count	coordinates	interval_depths	summed_gene_depth	normalized_depth	gene_qc
HG00171	LRS	FCGR2_3	GRCh38	30.237	PASS	FCGR2A	1	chr1:161505457-161519829	39.758	39.758	1.315	PASS
HG00171	LRS	FCGR2_3	GRCh38	30.237	PASS	FCGR3A	1	chr1:161541759-161549818	34.665	34.665	1.146	PASS
HG00171	LRS	FCGR2_3	GRCh38	30.237	PASS	FCGR2C	1	chr1:161581340-161599803	36.043	36.043	1.192	PASS
HG00171	LRS	FCGR2_3	GRCh38	30.237	PASS	FCGR3B	1	chr1:161623196-161631176	34.467	34.467	1.14	PASS
HG00171	LRS	FCGR2_3	GRCh38	30.237	PASS	FCGR2B	1	chr1:161663143-161678654	30.511	30.511	1.009	PASS
HG00513	HGSVC	FCGR2_3	T2T	40.36	PASS	FCGR2A	1	chr1:160768053-160781181	41.311	41.311	1.024	PASS
HG00513	HGSVC	FCGR2_3	T2T	40.36	PASS	FCGR3A	1	chr1:160804422-160813217	72.942	72.942	1.807	PASS
HG00513	HGSVC	FCGR2_3	T2T	40.36	PASS	FCGR2C	2	chr1:160843886-160862793;chr1:160925677-160944582	33.992;20.865	54.857	1.359	PASS
HG00513	HGSVC	FCGR2_3	T2T	40.36	PASS	FCGR3B	2	chr1:160885753-160894524;chr1:160967541-160976307	30.838;7.107	37.945	0.94	WARNING: gene interval coverage <=20x; low coverage may reflect a deletion or insufficient input data for reliable assembly.
HG00513	HGSVC	FCGR2_3	T2T	40.36	PASS	FCGR2B	1	chr1:161007516-161022983	37.362	37.362	0.926	PASS
HG00513	LRS	FCGR2_3	GRCh38	38.939	PASS	FCGR2A	1	chr1:161505457-161519829	40.287	40.287	1.035	PASS
HG00513	LRS	FCGR2_3	GRCh38	38.939	PASS	FCGR3A	1	chr1:161541759-161549818	54.447	54.447	1.398	PASS
HG00513	LRS	FCGR2_3	GRCh38	38.939	PASS	FCGR2C	1	chr1:161581340-161599803	55.256	55.256	1.419	PASS
HG00513	LRS	FCGR2_3	GRCh38	38.939	PASS	FCGR3B	1	chr1:161623196-161631176	42.362	42.362	1.088	PASS
HG00513	LRS	FCGR2_3	GRCh38	38.939	PASS	FCGR2B	1	chr1:161663143-161678654	52.973	52.973	1.36	PASS
HG03370	LRS	FCGR2_3	GRCh38	38.348	PASS	FCGR2A	1	chr1:161505457-161519829	45.169	45.169	1.178	PASS
HG03370	LRS	FCGR2_3	GRCh38	38.348	PASS	FCGR3A	1	chr1:161541759-161549818	38.061	38.061	0.993	PASS
HG03370	LRS	FCGR2_3	GRCh38	38.348	PASS	FCGR2C	1	chr1:161581340-161599803	39.183	39.183	1.022	PASS
HG03370	LRS	FCGR2_3	GRCh38	38.348	PASS	FCGR3B	1	chr1:161623196-161631176	44.913	44.913	1.171	PASS
HG03370	LRS	FCGR2_3	GRCh38	38.348	PASS	FCGR2B	1	chr1:161663143-161678654	41.135	41.135	1.073	PASS
HG00171	HGSVC	FCGR2_3	T2T	34.187	PASS	FCGR2A	1	chr1:160768053-160781181	39.447	39.447	1.154	PASS
HG00171	HGSVC	FCGR2_3	T2T	34.187	PASS	FCGR3A	1	chr1:160804422-160813217	43.963	43.963	1.286	PASS
HG00171	HGSVC	FCGR2_3	T2T	34.187	PASS	FCGR2C	2	chr1:160843886-160862793;chr1:160925677-160944582	26.009;14.344	40.353	1.18	WARNING: gene interval coverage <=20x; low coverage may reflect a deletion or insufficient input data for reliable assembly.
HG00171	HGSVC	FCGR2_3	T2T	34.187	PASS	FCGR3B	2	chr1:160885753-160894524;chr1:160967541-160976307	0.000;38.286	38.286	1.12	WARNING: gene interval coverage <=20x; low coverage may reflect a deletion or insufficient input data for reliable assembly.
HG00171	HGSVC	FCGR2_3	T2T	34.187	PASS	FCGR2B	1	chr1:161007516-161022983	41.798	41.798	1.223	PASS
HG03583	LRS	FCGR2_3	GRCh38	50.36	PASS	FCGR2A	1	chr1:161505457-161519829	61.288	61.288	1.217	PASS
HG03583	LRS	FCGR2_3	GRCh38	50.36	PASS	FCGR3A	1	chr1:161541759-161549818	58.21	58.21	1.156	PASS
HG03583	LRS	FCGR2_3	GRCh38	50.36	PASS	FCGR2C	1	chr1:161581340-161599803	45.89	45.89	0.911	PASS
HG03583	LRS	FCGR2_3	GRCh38	50.36	PASS	FCGR3B	1	chr1:161623196-161631176	38.607	38.607	0.767	PASS
HG03583	LRS	FCGR2_3	GRCh38	50.36	PASS	FCGR2B	1	chr1:161663143-161678654	59.438	59.438	1.18	PASS
