task_id	hash	native_id	name	status	exit	submit	duration	realtime	%cpu	peak_rss	peak_vmem	rchar	wchar
1	cb/739f2a	1004292	VALIDATE_INPUTS (workflow input validation)	COMPLETED	0	2026-09-30 19:17:04.573	33s	624ms	41.8%	17.9 MB	24.2 MB	4.9 MB	40.6 KB
2	67/77840c	1004296	EXTRACT_READS (HG00171 | FCGR2_3 | 400kb)	COMPLETED	0	2026-09-30 19:17:38.378	34.2s	5.8s	182.9%	29.6 MB	397.2 MB	132.9 MB	122 MB
3	9c/e49be1	1004295	EXTRACT_READS (HG00171 | FCGR2_3 | 50kb)	COMPLETED	0	2026-09-30 19:17:38.064	34.4s	1.5s	159.7%	69.5 MB	440.4 MB	72.8 MB	13.7 MB
11	86/e02022	1004297	EXTRACT_READS (HG00171 | FCGR2_3 | 200kb)	COMPLETED	0	2026-09-30 19:17:38.482	34.1s	2.3s	172.8%	69.6 MB	440.4 MB	79.4 MB	23.5 MB
5	dc/cf4c02	1004298	READ_STATS (HGSVC | HG00171 | FCGR2_3)	COMPLETED	0	2026-09-30 19:17:38.572	34.1s	1.9s	54.0%	95.1 MB	240.4 MB	50.4 MB	501 B
6	ed/03c7ca	1004299	READ_STATS (LRS | HG00171 | FCGR2_3)	COMPLETED	0	2026-09-30 19:17:38.705	34s	1.8s	47.3%	135.5 MB	285 MB	65.2 MB	408 B
4	e9/a695e8	1004300	EXTRACT_READS (HG00171 | FCGR2_3 | 100kb)	COMPLETED	0	2026-09-30 19:17:38.784	34s	1.9s	162.2%	69.7 MB	440.4 MB	69.9 MB	16.9 MB
12	cb/e1e7ca	1004301	EXTRACT_READS (HG00171 | FCGR2_3 | 300kb)	COMPLETED	0	2026-09-30 19:17:38.866	33.9s	2.9s	173.0%	70 MB	440.4 MB	80.5 MB	28.9 MB
13	b4/74fbbd	1004306	EXTRACT_READS (HG00171 | FCGR2_3 | 400kb)	COMPLETED	0	2026-09-30 19:17:39.314	54.6s	2.5s	177.7%	70 MB	440.4 MB	85.1 MB	34.4 MB
16	96/85ef30	1004309	EXTRACT_READS (HG00171 | FCGR2_3 | 500kb)	COMPLETED	0	2026-09-30 19:17:39.537	54.5s	2.8s	180.5%	69.7 MB	440.6 MB	94.1 MB	39.6 MB
15	e1/935214	1004310	READ_STATS (LRS | HG03583 | FCGR2_3)	COMPLETED	0	2026-09-30 19:17:39.635	54.4s	1.4s	46.2%	15.7 MB	32.4 MB	89.7 MB	417 B
7	08/ec57bc	1004304	READ_STATS (LRS | HG00513 | FCGR2_3)	COMPLETED	0	2026-09-30 19:17:39.138	54.8s	1.8s	46.7%	144.1 MB	291.9 MB	76 MB	407 B
19	d8/5b0a9a	1004311	EXTRACT_READS (HG00171 | FCGR2_3 | 1Mb)	COMPLETED	0	2026-09-30 19:17:39.714	54.3s	4.5s	185.3%	70.3 MB	440.4 MB	118.8 MB	67.3 MB
20	34/183368	1004312	READ_STATS (LRS | HG03370 | FCGR2_3)	COMPLETED	0	2026-09-30 19:17:39.791	54.3s	1.3s	49.7%	35.9 MB	169.4 MB	74.2 MB	416 B
14	da/8fe48f	1004305	READ_STATS (HGSVC | HG00513 | FCGR2_3)	COMPLETED	0	2026-09-30 19:17:39.222	54.7s	1.2s	45.3%	15.7 MB	27.7 MB	37.4 MB	504 B
28	51/1af640	1004327	BAM2FASTQ (HG00171 | FCGR2_3 | 50kb)	COMPLETED	0	2026-09-30 19:18:35.733	33.4s	301ms	79.6%	7.5 MB	27.4 MB	13.9 MB	25.3 MB
29	b7/3f120e	1004326	BAM2FASTQ (HG00171 | FCGR2_3 | 400kb)	COMPLETED	0	2026-09-30 19:18:35.614	33.5s	1.1s	127.2%	9.7 MB	27.6 MB	122.3 MB	66.3 MB
30	92/10c63e	1004328	BAM2FASTQ (HG00171 | FCGR2_3 | 200kb)	COMPLETED	0	2026-09-30 19:18:35.879	33.3s	664ms	65.2%	7.5 MB	27.4 MB	23.7 MB	46.3 MB
31	02/8c0e7c	1004329	BAM2FASTQ (HG00171 | FCGR2_3 | 100kb)	COMPLETED	0	2026-09-30 19:18:35.988	33.2s	335ms	86.7%	7.4 MB	27.4 MB	17.1 MB	31.3 MB
21	41/1b7d81	1004319	EXTRACT_READS (HG00513 | FCGR2_3 | 400kb)	COMPLETED	0	2026-09-30 19:18:34.147	40s	4.3s	179.8%	78.5 MB	448.5 MB	104.2 MB	45.1 MB
23	f8/c68266	1004320	EXTRACT_READS (HG00513 | FCGR2_3 | 400kb)	COMPLETED	0	2026-09-30 19:18:34.232	39.9s	2.5s	177.2%	42.3 MB	411.5 MB	50.1 MB	30.9 MB
25	a7/8b5f9f	1004321	EXTRACT_READS (HG03583 | FCGR2_3 | 100kb)	COMPLETED	0	2026-09-30 19:18:34.331	39.9s	2.7s	174.9%	91 MB	462.1 MB	105.5 MB	27.5 MB
26	c0/1bba0e	1004323	EXTRACT_READS (HG03583 | FCGR2_3 | 400kb)	COMPLETED	0	2026-09-30 19:18:34.455	39.8s	3.9s	183.6%	91.3 MB	462.1 MB	132.9 MB	56.4 MB
24	b0/0192a7	1004322	EXTRACT_READS (HG00513 | FCGR2_3 | 1Mb)	COMPLETED	0	2026-09-30 19:18:34.391	39.8s	4.1s	184.6%	42.1 MB	412.3 MB	89.5 MB	70.3 MB
27	b1/cd4693	1004324	EXTRACT_READS (HG03370 | FCGR2_3 | 400kb)	COMPLETED	0	2026-09-30 19:18:34.514	39.8s	4s	185.5%	75.6 MB	446.6 MB	120 MB	58.7 MB
36	aa/25a4f5	1004338	COMBINE_READ_STATS (combine read statistics)	COMPLETED	0	2026-09-30 19:19:09.382	14.7s	1.3s	44.3%	21.3 MB	97.3 MB	12.3 MB	773 B
45	ee/72a563	1004349	BAM2FASTQ (HG03583 | FCGR2_3 | 400kb)	COMPLETED	0	2026-09-30 19:19:24.219	34.9s	686ms	133.1%	11.6 MB	27.7 MB	56.6 MB	118.6 MB
32	70/6ec40a	1004330	BAM2FASTQ (HG00171 | FCGR2_3 | 300kb)	COMPLETED	0	2026-09-30 19:18:37.081	1m 37s	658ms	108.2%	10.7 MB	27.7 MB	29.1 MB	58.1 MB
33	ab/649712	1004331	BAM2FASTQ (HG00171 | FCGR2_3 | 400kb)	COMPLETED	0	2026-09-30 19:18:40.180	1m 34s	457ms	123.6%	11.4 MB	27.7 MB	34.7 MB	70.3 MB
34	2e/8778ea	1004337	BAM2FASTQ (HG00171 | FCGR2_3 | 500kb)	COMPLETED	0	2026-09-30 19:19:09.315	1m 5s	534ms	122.8%	8.2 MB	27.4 MB	39.8 MB	81.6 MB
35	ee/ccd92f	1004339	BAM2FASTQ (HG00171 | FCGR2_3 | 1Mb)	COMPLETED	0	2026-09-30 19:19:09.447	1m 5s	816ms	137.6%	9.8 MB	27.6 MB	67.5 MB	142.7 MB
41	c2/29f518	1004345	BAM2FASTQ (HG00513 | FCGR2_3 | 400kb)	COMPLETED	0	2026-09-30 19:19:15.691	58.6s	798ms	133.8%	11.4 MB	27.7 MB	45.3 MB	89.7 MB
42	b9/0800d2	1004344	BAM2FASTQ (HG00513 | FCGR2_3 | 400kb)	COMPLETED	0	2026-09-30 19:19:15.576	58.7s	627ms	104.4%	10.4 MB	27.7 MB	31.1 MB	76.3 MB
44	21/e99553	1004346	BAM2FASTQ (HG00513 | FCGR2_3 | 1Mb)	COMPLETED	0	2026-09-30 19:19:16.791	57.5s	925ms	121.7%	11.1 MB	27.7 MB	70.6 MB	174.2 MB
46	5b/8d9044	1004353	BAM2FASTQ (HG03370 | FCGR2_3 | 400kb)	COMPLETED	0	2026-09-30 19:19:59.242	1m 5s	878ms	137.2%	11.6 MB	27.8 MB	58.9 MB	104.3 MB
43	37/c15de7	1004354	BAM2FASTQ (HG03583 | FCGR2_3 | 100kb)	COMPLETED	0	2026-09-30 19:20:14.341	59.8s	578ms	116.3%	11.6 MB	27.7 MB	27.7 MB	51.3 MB
9	a6/70bc0c	1004302	COVERAGE_QC (LRS | HG00171 | FCGR2_3)	COMPLETED	0	2026-09-30 19:17:38.959	34m 5s	33m 50s	99.2%	3.8 GB	5.3 GB	84 GB	12.6 KB
17	66/206128	1004308	COVERAGE_QC (HGSVC | HG00513 | FCGR2_3)	COMPLETED	0	2026-09-30 19:17:39.459	41m 40s	37m 38s	99.1%	372.3 MB	548.2 MB	94.9 GB	4.1 KB
10	3d/021bcc	1004307	COVERAGE_QC (LRS | HG00513 | FCGR2_3)	COMPLETED	0	2026-09-30 19:17:39.390	1h 11m 40s	1h 9m 54s	98.8%	5.6 GB	7.7 GB	108.9 GB	12.4 KB
22	f3/67b403	1004317	COVERAGE_QC (LRS | HG03370 | FCGR2_3)	COMPLETED	0	2026-09-30 19:18:33.791	1h 12m 41s	1h 6m 54s	98.8%	4.8 GB	6.5 GB	109.9 GB	12.6 KB
8	4c/57b46b	1004303	COVERAGE_QC (HGSVC | HG00171 | FCGR2_3)	COMPLETED	0	2026-09-30 19:17:39.043	1h 13m 45s	1h 13m 18s	99.2%	977.9 MB	1.4 GB	370.2 GB	4.2 KB
18	4c/df906f	1004318	COVERAGE_QC (LRS | HG03583 | FCGR2_3)	COMPLETED	0	2026-09-30 19:18:33.946	1h 33m 51s	1h 28m 14s	98.8%	5 GB	6.9 GB	132.1 GB	12.5 KB
57	10/901f5f	1005218	COMBINE_QC (coverage QC summary)	COMPLETED	0	2026-09-30 20:52:24.654	34.8s	1.3s	42.9%	16.8 MB	66.2 MB	12.3 MB	3.7 KB
37	18/a3edca	1004340	HIFIASM (HG00171 | FCGR2_3 | 400kb | PB)	COMPLETED	0	2026-09-30 19:19:09.521	4h 42m 55s	22.5s	879.0%	16.2 GB	17.6 GB	132.7 MB	21.5 MB
38	f4/4d0e01	1004341	HIFIASM (HG00171 | FCGR2_3 | 50kb | ONT)	COMPLETED	0	2026-09-30 19:19:14.358	4h 42m 56s	20.5s	734.6%	16.1 GB	17.4 GB	50.8 MB	14.2 MB
59	f3/4e36b8	1009065	GFA2FASTA (HG00171 | FCGR2_3 | 50kb)	COMPLETED	0	2026-10-01 00:02:10.092	4.9s	83ms	18.9%	3.5 MB	4.6 MB	926.9 KB	846.6 KB
58	25/b4b596	1009064	GFA2FASTA (HG00171 | FCGR2_3 | 400kb)	COMPLETED	0	2026-10-01 00:02:05.139	34.8s	71ms	32.1%	3.4 MB	4.6 MB	2.1 MB	2 MB
39	60/922d31	1004342	HIFIASM (HG00171 | FCGR2_3 | 200kb | ONT)	COMPLETED	0	2026-09-30 19:19:14.429	4h 43m 56s	24.4s	813.6%	16.2 GB	17.5 GB	93 MB	25.9 MB
40	db/c5d999	1004343	HIFIASM (HG00171 | FCGR2_3 | 100kb | ONT)	COMPLETED	0	2026-09-30 19:19:14.498	4h 43m 56s	21.8s	753.4%	16.1 GB	17.4 GB	62.9 MB	18.3 MB
63	d5/7e81b5	1009074	ALIGN_CONTIGS (HG00171 | FCGR2_3 | 400kb | hap2)	COMPLETED	0	2026-10-01 00:02:40.053	1m 5s	53.1s	188.5%	12 GB	12.4 GB	2.9 GB	1.5 MB
62	f1/17dda1	1009075	ALIGN_CONTIGS (HG00171 | FCGR2_3 | 400kb | hap1)	COMPLETED	0	2026-10-01 00:02:40.098	1m 5s	50.4s	185.6%	12 GB	12.3 GB	2.9 GB	1.3 MB
64	c1/dfac9d	1009082	GFA2FASTA (HG00171 | FCGR2_3 | 200kb)	COMPLETED	0	2026-10-01 00:03:10.094	34.9s	77ms	20.0%	3.5 MB	4.6 MB	1.5 MB	1.4 MB
65	b6/577e06	1009083	GFA2FASTA (HG00171 | FCGR2_3 | 100kb)	COMPLETED	0	2026-10-01 00:03:10.172	34.9s	94ms	25.1%	3.4 MB	4.6 MB	1.1 MB	1 MB
47	19/d8badb	1004355	HIFIASM (HG03583 | FCGR2_3 | 400kb | ONT)	COMPLETED	0	2026-09-30 19:20:14.411	4h 44m 1s	40.3s	1109.6%	16.3 GB	17.8 GB	237.5 MB	76.7 MB
67	83/066379	1009098	SORT_INDEX (HG00171 | FCGR2_3 | 400kb | hap1)	COMPLETED	0	2026-10-01 00:03:45.181	30s	195ms	62.8%	5.1 MB	24.3 MB	1.2 MB	326.4 KB
66	8c/ee9b51	1009099	SORT_INDEX (HG00171 | FCGR2_3 | 400kb | hap2)	COMPLETED	0	2026-10-01 00:03:45.255	29.9s	189ms	79.2%	4.6 MB	21.1 MB	1.3 MB	390.7 KB
60	b2/ccd78a	1009072	ALIGN_CONTIGS (HG00171 | FCGR2_3 | 50kb | hap1)	COMPLETED	0	2026-10-01 00:02:15.164	2m 10s	1m 12s	187.0%	12 GB	12.3 GB	2.9 GB	876.2 KB
61	b3/58cf87	1009073	ALIGN_CONTIGS (HG00171 | FCGR2_3 | 50kb | hap2)	COMPLETED	0	2026-10-01 00:02:15.221	2m 10s	1m 19s	184.6%	12 GB	12.2 GB	2.9 GB	434.1 KB
75	1c/b9257d	1009124	SORT_INDEX (HG00171 | FCGR2_3 | 50kb | hap1)	COMPLETED	0	2026-10-01 00:04:25.130	4.8s	147ms	50.3%	5.1 MB	24.3 MB	974.1 KB	223.1 KB
76	ed/32c557	1009125	SORT_INDEX (HG00171 | FCGR2_3 | 50kb | hap2)	COMPLETED	0	2026-10-01 00:04:25.208	4.8s	154ms	48.2%	5.3 MB	27.2 MB	717.3 KB	168.7 KB
72	71/20d254	1009121	GFA2FASTA (HG03583 | FCGR2_3 | 400kb)	COMPLETED	0	2026-10-01 00:04:15.175	34.8s	106ms	23.5%	3.4 MB	4.6 MB	2.3 MB	2.2 MB
73	e6/1f904c	1009122	SUMMARIZE (HG00171 | FCGR2_3 | 400kb | hap1)	COMPLETED	0	2026-10-01 00:04:15.329	34.7s	1.4s	40.7%	23.9 MB	99.6 MB	13 MB	669 B
74	89/4ff2d2	1009123	SUMMARIZE (HG00171 | FCGR2_3 | 400kb | hap2)	COMPLETED	0	2026-10-01 00:04:15.387	34.7s	1.5s	41.6%	14.5 MB	21.1 MB	13 MB	670 B
71	6c/f168f4	1009102	ALIGN_CONTIGS (HG00171 | FCGR2_3 | 100kb | hap1)	COMPLETED	0	2026-10-01 00:03:45.395	1m 10s	51.8s	190.4%	12 GB	12.4 GB	2.9 GB	417.4 KB
70	90/b0e54a	1009103	ALIGN_CONTIGS (HG00171 | FCGR2_3 | 200kb | hap1)	COMPLETED	0	2026-10-01 00:03:45.455	1m 10s	51.6s	203.5%	12 GB	12.3 GB	2.9 GB	960.6 KB
69	4a/be3154	1009100	ALIGN_CONTIGS (HG00171 | FCGR2_3 | 100kb | hap2)	COMPLETED	0	2026-10-01 00:03:45.292	1m 20s	1m 8s	190.0%	12 GB	12.4 GB	2.9 GB	1.1 MB
77	ea/797278	1009137	SUMMARIZE (HG00171 | FCGR2_3 | 50kb | hap1)	COMPLETED	0	2026-10-01 00:04:30.862	34.1s	1.2s	43.6%	28.9 MB	103.4 MB	12.9 MB	669 B
78	65/630b16	1009138	SUMMARIZE (HG00171 | FCGR2_3 | 50kb | hap2)	COMPLETED	0	2026-10-01 00:04:58.989	6s	1.3s	44.8%	27.5 MB	103.1 MB	12.8 MB	667 B
81	2e/475f2a	1009141	CLASSIFY_HAPLOTYPE (HG00171 | FCGR2_3 | 400kb | hap1)	COMPLETED	0	2026-10-01 00:04:59.161	26.8s	1.4s	45.3%	18.3 MB	96.6 MB	12.6 MB	693 B
82	7f/3cfc60	1009142	CLASSIFY_HAPLOTYPE (HG00171 | FCGR2_3 | 400kb | hap2)	COMPLETED	0	2026-10-01 00:04:59.199	26.9s	1.3s	47.3%	26.2 MB	101.5 MB	12.6 MB	694 B
83	59/e864fd	1009143	SORT_INDEX (HG00171 | FCGR2_3 | 100kb | hap1)	COMPLETED	0	2026-10-01 00:04:59.252	26.8s	148ms	49.7%	5.1 MB	23.8 MB	711 KB	167.6 KB
85	31/d4026b	1009153	SORT_INDEX (HG00171 | FCGR2_3 | 100kb | hap2)	COMPLETED	0	2026-10-01 00:05:17.221	28.9s	163ms	62.7%	4.9 MB	23.4 MB	1.1 MB	277.2 KB
86	4b/56d42f	1009154	CLASSIFY_HAPLOTYPE (HG00171 | FCGR2_3 | 50kb | hap1)	COMPLETED	0	2026-10-01 00:05:20.286	30.8s	1.1s	47.1%	28.7 MB	103.4 MB	12.6 MB	693 B
68	22/4d5900	1009101	ALIGN_CONTIGS (HG00171 | FCGR2_3 | 200kb | hap2)	COMPLETED	0	2026-10-01 00:03:45.326	2m 11s	1m 6s	191.5%	12 GB	12.3 GB	2.9 GB	855.9 KB
87	b3/4b12b5	1009155	CLASSIFY_HAPLOTYPE (HG00171 | FCGR2_3 | 50kb | hap2)	COMPLETED	0	2026-10-01 00:05:26.147	30s	1.1s	45.0%	28.4 MB	103.2 MB	12.6 MB	690 B
88	7c/30a0e1	1009156	SUMMARIZE (HG00171 | FCGR2_3 | 100kb | hap1)	COMPLETED	0	2026-10-01 00:05:26.450	34.6s	1.3s	44.2%	26.9 MB	102.1 MB	12.8 MB	669 B
89	a4/746459	1009165	SUMMARIZE (HG00171 | FCGR2_3 | 100kb | hap2)	COMPLETED	0	2026-10-01 00:05:46.262	34.8s	1.4s	45.3%	26.7 MB	101.9 MB	12.9 MB	667 B
90	ae/9de34a	1009167	SORT_INDEX (HG00171 | FCGR2_3 | 200kb | hap2)	COMPLETED	0	2026-10-01 00:05:59.201	21.9s	143ms	64.3%	4.9 MB	23.4 MB	1 MB	255.6 KB
91	c0/2ac392	1009168	CLASSIFY_HAPLOTYPE (HG00171 | FCGR2_3 | 100kb | hap1)	COMPLETED	0	2026-10-01 00:06:01.260	19.9s	1.2s	49.1%	27.5 MB	102.9 MB	12.6 MB	703 B
84	4a/0d56f6	1009152	SORT_INDEX (HG00171 | FCGR2_3 | 200kb | hap1)	COMPLETED	0	2026-10-01 00:05:11.154	1m 25s	145ms	76.4%	5.1 MB	25.1 MB	1 MB	259.3 KB
92	93/7e0b0d	1009184	CLASSIFY_HAPLOTYPE (HG00171 | FCGR2_3 | 100kb | hap2)	COMPLETED	0	2026-10-01 00:06:21.234	34.9s	1.1s	46.6%	26 MB	101.6 MB	12.6 MB	691 B
93	3e/a90b2c	1009185	SUMMARIZE (HG00171 | FCGR2_3 | 200kb | hap2)	COMPLETED	0	2026-10-01 00:06:21.320	34.8s	1.3s	44.7%	28 MB	103.4 MB	12.9 MB	667 B
80	7f/7a071f	1009139	ALIGN_CONTIGS (HG03583 | FCGR2_3 | 400kb | hap2)	COMPLETED	0	2026-10-01 00:04:59.071	2m 7s	1m 11s	184.5%	12 GB	12.3 GB	2.9 GB	2 MB
79	73/472e0a	1009140	ALIGN_CONTIGS (HG03583 | FCGR2_3 | 400kb | hap1)	COMPLETED	0	2026-10-01 00:04:59.118	2m 7s	1m 7s	190.7%	12 GB	12.3 GB	2.9 GB	2 MB
94	52/193eaf	1009186	SUMMARIZE (HG00171 | FCGR2_3 | 200kb | hap1)	COMPLETED	0	2026-10-01 00:06:36.177	34.9s	1.3s	43.6%	29 MB	103.5 MB	12.9 MB	667 B
95	a4/cf648b	1009202	CLASSIFY_HAPLOTYPE (HG00171 | FCGR2_3 | 200kb | hap2)	COMPLETED	0	2026-10-01 00:06:56.266	24.8s	1.1s	46.3%	26.9 MB	101.9 MB	12.6 MB	691 B
97	73/7805d1	1009269	SORT_INDEX (HG03583 | FCGR2_3 | 400kb | hap1)	COMPLETED	0	2026-10-01 00:07:06.221	14.9s	266ms	72.5%	11.8 MB	27.8 MB	1.5 MB	499.5 KB
96	87/ac1f54	1009270	SORT_INDEX (HG03583 | FCGR2_3 | 400kb | hap2)	COMPLETED	0	2026-10-01 00:07:06.283	14.9s	209ms	85.2%	5.1 MB	25.1 MB	1.5 MB	486.4 KB
98	fb/84cd9b	1009301	CLASSIFY_HAPLOTYPE (HG00171 | FCGR2_3 | 200kb | hap1)	COMPLETED	0	2026-10-01 00:07:11.160	10s	1.1s	47.1%	27.4 MB	103.1 MB	12.6 MB	691 B
99	a8/121bc4	1009343	SUMMARIZE (HG03583 | FCGR2_3 | 400kb | hap1)	COMPLETED	0	2026-10-01 00:07:21.211	34.9s	1.4s	46.0%	29.1 MB	103.5 MB	13.1 MB	667 B
100	5b/2185f1	1009344	SUMMARIZE (HG03583 | FCGR2_3 | 400kb | hap2)	COMPLETED	0	2026-10-01 00:07:21.247	34.9s	1.4s	45.0%	29.2 MB	103.5 MB	13.2 MB	695 B
101	40/4285e0	1009358	CLASSIFY_HAPLOTYPE (HG03583 | FCGR2_3 | 400kb | hap1)	COMPLETED	0	2026-10-01 00:07:56.249	34.8s	1.2s	49.0%	29.6 MB	103.8 MB	12.6 MB	691 B
102	6a/7dc162	1009359	CLASSIFY_HAPLOTYPE (HG03583 | FCGR2_3 | 400kb | hap2)	COMPLETED	0	2026-10-01 00:07:56.302	34.8s	1.2s	49.0%	26.9 MB	101.9 MB	12.6 MB	719 B
48	f5/1cf4cb	1004356	HIFIASM (HG00171 | FCGR2_3 | 300kb | ONT)	COMPLETED	0	2026-09-30 19:20:14.478	4h 54m 7s	18.1s	862.1%	16.2 GB	17.6 GB	116.4 MB	31.9 MB
49	92/1ca876	1004357	HIFIASM (HG00171 | FCGR2_3 | 400kb | ONT)	COMPLETED	0	2026-09-30 19:20:15.545	4h 54m 11s	19s	878.0%	16.2 GB	17.6 GB	140.9 MB	37.9 MB
104	f4/ae680e	1009439	GFA2FASTA (HG00171 | FCGR2_3 | 400kb)	COMPLETED	0	2026-10-01 00:14:26.233	4.9s	92ms	8.5%	3.4 MB	4.6 MB	2.2 MB	2.1 MB
103	4b/3b8cc9	1009438	GFA2FASTA (HG00171 | FCGR2_3 | 300kb)	COMPLETED	0	2026-10-01 00:14:21.216	34.9s	130ms	24.1%	3.5 MB	4.6 MB	1.9 MB	1.8 MB
51	0c/b5a446	1004358	HIFIASM (HG00171 | FCGR2_3 | 1Mb | ONT)	COMPLETED	0	2026-09-30 19:20:15.657	4h 55m 15s	21.7s	936.6%	16.4 GB	18 GB	285.7 MB	76.5 MB
50	72/646320	1004359	HIFIASM (HG00171 | FCGR2_3 | 500kb | ONT)	COMPLETED	0	2026-09-30 19:20:15.756	4h 55m 15s	18.5s	845.8%	16.3 GB	17.7 GB	163.6 MB	44.4 MB
109	07/78d5fd	1009455	GFA2FASTA (HG00171 | FCGR2_3 | 1Mb)	COMPLETED	0	2026-10-01 00:15:31.230	4.9s	117ms	33.7%	3.4 MB	4.6 MB	4.5 MB	4.5 MB
110	e6/64a045	1009456	GFA2FASTA (HG00171 | FCGR2_3 | 500kb)	COMPLETED	0	2026-10-01 00:15:31.261	4.9s	92ms	25.6%	3.4 MB	4.6 MB	2.7 MB	2.6 MB
53	0f/702976	1004360	HIFIASM (HG00513 | FCGR2_3 | 400kb | ONT)	COMPLETED	0	2026-09-30 19:20:15.824	4h 56m 20s	21.1s	999.1%	16.3 GB	17.8 GB	179.5 MB	51.2 MB
52	fd/10ffd8	1004369	HIFIASM (HG00513 | FCGR2_3 | 400kb | PB)	COMPLETED	0	2026-09-30 19:21:04.209	4h 55m 32s	19.9s	996.7%	16.3 GB	17.7 GB	152.7 MB	29.2 MB
105	62/dff268	1009443	ALIGN_CONTIGS (HG00171 | FCGR2_3 | 400kb | hap1)	COMPLETED	0	2026-10-01 00:14:31.234	2m 10s	1m 4s	190.8%	12 GB	12.2 GB	2.9 GB	1.3 MB
106	51/6fe02c	1009444	ALIGN_CONTIGS (HG00171 | FCGR2_3 | 400kb | hap2)	COMPLETED	0	2026-10-01 00:14:31.297	2m 10s	1m 7s	187.7%	12 GB	12.4 GB	2.9 GB	1.5 MB
107	d7/e93613	1009446	ALIGN_CONTIGS (HG00171 | FCGR2_3 | 300kb | hap1)	COMPLETED	0	2026-10-01 00:14:56.224	2m 10s	1m 11s	190.0%	12 GB	12.4 GB	2.9 GB	1.1 MB
108	f6/77e5de	1009447	ALIGN_CONTIGS (HG00171 | FCGR2_3 | 300kb | hap2)	COMPLETED	0	2026-10-01 00:14:56.273	2m 10s	1m 16s	190.0%	12 GB	12.4 GB	2.9 GB	1.3 MB
115	7f/cd67ca	1009469	GFA2FASTA (HG00513 | FCGR2_3 | 400kb)	COMPLETED	0	2026-10-01 00:16:36.251	34.8s	79ms	18.3%	3.4 MB	4.6 MB	2.4 MB	2.3 MB
116	ba/91a706	1009470	GFA2FASTA (HG00513 | FCGR2_3 | 400kb)	COMPLETED	0	2026-10-01 00:16:36.335	34.8s	103ms	15.7%	3.5 MB	4.6 MB	2.1 MB	2 MB
117	9f/5ab1f9	1009472	SORT_INDEX (HG00171 | FCGR2_3 | 400kb | hap1)	COMPLETED	0	2026-10-01 00:16:41.277	34.8s	178ms	72.9%	5.3 MB	25.4 MB	1.2 MB	335.4 KB
118	9f/6bab2a	1009473	SORT_INDEX (HG00171 | FCGR2_3 | 400kb | hap2)	COMPLETED	0	2026-10-01 00:16:41.406	34.7s	176ms	85.1%	5.3 MB	25.3 MB	1.3 MB	404.7 KB
119	fe/f089c3	1009478	SORT_INDEX (HG00171 | FCGR2_3 | 300kb | hap1)	COMPLETED	0	2026-10-01 00:17:06.267	19.9s	157ms	71.0%	5 MB	23.4 MB	1.1 MB	321.4 KB
120	70/0d5f74	1009479	SORT_INDEX (HG00171 | FCGR2_3 | 300kb | hap2)	COMPLETED	0	2026-10-01 00:17:06.416	19.7s	171ms	65.8%	5.1 MB	25.1 MB	1.2 MB	329.8 KB
54	c2/d2ca37	1004370	HIFIASM (HG00513 | FCGR2_3 | 1Mb | PB)	COMPLETED	0	2026-09-30 19:21:14.263	4h 56m 27s	29.5s	1100.8%	16.5 GB	18 GB	348.6 MB	63.2 MB
112	7e/6ffcf3	1009461	ALIGN_CONTIGS (HG00171 | FCGR2_3 | 1Mb | hap2)	COMPLETED	0	2026-10-01 00:15:42.285	1m 59s	1m 14s	192.0%	12 GB	12.3 GB	2.9 GB	3.5 MB
111	85/426a88	1009462	ALIGN_CONTIGS (HG00171 | FCGR2_3 | 1Mb | hap1)	COMPLETED	0	2026-10-01 00:15:42.332	2m 4s	1m 10s	186.9%	12 GB	12.4 GB	2.9 GB	3.9 MB
113	ea/fcd044	1009464	ALIGN_CONTIGS (HG00171 | FCGR2_3 | 500kb | hap2)	COMPLETED	0	2026-10-01 00:15:42.437	2m 9s	51.2s	190.3%	12 GB	12.3 GB	2.9 GB	1.8 MB
114	28/1b0a6e	1009463	ALIGN_CONTIGS (HG00171 | FCGR2_3 | 500kb | hap1)	COMPLETED	0	2026-10-01 00:15:42.375	2m 9s	1m 14s	189.9%	12 GB	12.3 GB	2.9 GB	2.2 MB
126	11/578fa0	1009487	SUMMARIZE (HG00171 | FCGR2_3 | 400kb | hap2)	COMPLETED	0	2026-10-01 00:17:16.189	35s	1.3s	44.2%	30 MB	105.2 MB	13 MB	668 B
125	dd/a99b70	1009488	SUMMARIZE (HG00171 | FCGR2_3 | 400kb | hap1)	COMPLETED	0	2026-10-01 00:17:16.247	34.9s	1.5s	43.6%	23.4 MB	99.3 MB	13 MB	667 B
127	16/8b8118	1009489	SUMMARIZE (HG00171 | FCGR2_3 | 300kb | hap1)	COMPLETED	0	2026-10-01 00:17:29.270	31.8s	1.5s	45.5%	29.1 MB	103.5 MB	12.9 MB	667 B
128	96/8d489b	1009490	SUMMARIZE (HG00171 | FCGR2_3 | 300kb | hap2)	COMPLETED	0	2026-10-01 00:17:35.449	25.7s	2s	48.8%	84 MB	230.2 MB	12.9 MB	668 B
130	2d/731228	1009491	SORT_INDEX (HG00171 | FCGR2_3 | 1Mb | hap2)	COMPLETED	0	2026-10-01 00:17:41.265	34.8s	224ms	131.4%	5.1 MB	23.4 MB	2.1 MB	831.2 KB
129	67/fe0693	1009492	GFA2FASTA (HG00513 | FCGR2_3 | 1Mb)	COMPLETED	0	2026-10-01 00:17:41.317	34.8s	87ms	28.2%	3.6 MB	4.6 MB	4.5 MB	4.3 MB
121	74/577f44	1009481	ALIGN_CONTIGS (HG00513 | FCGR2_3 | 400kb | hap2)	COMPLETED	0	2026-10-01 00:17:11.275	1m 10s	51.3s	193.3%	12 GB	12.2 GB	2.9 GB	1.5 MB
133	54/0d6257	1009502	SORT_INDEX (HG00171 | FCGR2_3 | 500kb | hap2)	COMPLETED	0	2026-10-01 00:17:57.308	28.9s	195ms	86.1%	5.3 MB	25.3 MB	1.4 MB	443.5 KB
132	3b/f03d27	1009503	SORT_INDEX (HG00171 | FCGR2_3 | 500kb | hap1)	COMPLETED	0	2026-10-01 00:17:58.344	27.9s	191ms	98.5%	5 MB	23.4 MB	1.6 MB	540.2 KB
134	21/d53644	1009505	CLASSIFY_HAPLOTYPE (HG00171 | FCGR2_3 | 400kb | hap2)	COMPLETED	0	2026-10-01 00:18:02.427	23.8s	1.4s	42.1%	71.4 MB	160.6 MB	12.6 MB	691 B
136	c5/e64287	1009506	CLASSIFY_HAPLOTYPE (HG00171 | FCGR2_3 | 300kb | hap1)	COMPLETED	0	2026-10-01 00:18:05.480	20.8s	1.1s	44.9%	25.8 MB	101.2 MB	12.6 MB	691 B
135	da/b3fb7c	1009504	CLASSIFY_HAPLOTYPE (HG00171 | FCGR2_3 | 400kb | hap1)	COMPLETED	0	2026-10-01 00:18:01.384	24.8s	1.4s	42.2%	72.6 MB	161.6 MB	12.6 MB	691 B
137	1e/f35662	1009507	CLASSIFY_HAPLOTYPE (HG00171 | FCGR2_3 | 300kb | hap2)	COMPLETED	0	2026-10-01 00:18:05.512	20.8s	1.3s	48.9%	24.8 MB	99.9 MB	12.6 MB	691 B
55	6f/b8632d	1004695	HIFIASM (HG03370 | FCGR2_3 | 400kb | ONT)	COMPLETED	0	2026-09-30 19:51:44.412	4h 27m 2s	34.8s	1208.7%	16.3 GB	17.8 GB	208.8 MB	58.4 MB
131	8d/7a5417	1009501	SORT_INDEX (HG00171 | FCGR2_3 | 1Mb | hap1)	COMPLETED	0	2026-10-01 00:17:47.534	1m 9s	242ms	128.3%	9.5 MB	27.6 MB	2.3 MB	936.5 KB
141	29/e03fc9	1009518	SORT_INDEX (HG00513 | FCGR2_3 | 400kb | hap2)	COMPLETED	0	2026-10-01 00:18:21.515	34.6s	151ms	85.4%	5.3 MB	25.3 MB	1.3 MB	379.1 KB
142	5e/c0263f	1009519	SUMMARIZE (HG00171 | FCGR2_3 | 500kb | hap2)	COMPLETED	0	2026-10-01 00:18:32.334	28.8s	1.5s	45.4%	29.1 MB	103.5 MB	13.1 MB	667 B
143	34/5644f3	1009520	SUMMARIZE (HG00171 | FCGR2_3 | 500kb | hap1)	COMPLETED	0	2026-10-01 00:18:35.401	30.7s	1.3s	42.0%	28.9 MB	103.5 MB	13.1 MB	667 B
122	85/4b8816	1009480	ALIGN_CONTIGS (HG00513 | FCGR2_3 | 400kb | hap1)	COMPLETED	0	2026-10-01 00:17:11.200	2m 10s	1m 13s	202.6%	12 GB	12.4 GB	2.9 GB	1.7 MB
123	38/255cfe	1009482	ALIGN_CONTIGS (HG00513 | FCGR2_3 | 400kb | hap2)	COMPLETED	0	2026-10-01 00:17:11.339	2m 10s	1m 9s	181.0%	12 GB	12.2 GB	2.9 GB	1.2 MB
124	e5/278467	1009483	ALIGN_CONTIGS (HG00513 | FCGR2_3 | 400kb | hap1)	COMPLETED	0	2026-10-01 00:17:11.368	2m 10s	1m 11s	183.4%	12 GB	12.4 GB	2.9 GB	1.6 MB
144	d4/ba7757	1009521	GFA2FASTA (HG03370 | FCGR2_3 | 400kb)	COMPLETED	0	2026-10-01 00:18:46.211	34.9s	75ms	37.9%	3.4 MB	4.6 MB	2.5 MB	2.4 MB
138	68/05bedc	1009515	SUMMARIZE (HG00171 | FCGR2_3 | 1Mb | hap2)	COMPLETED	0	2026-10-01 00:18:20.560	1m 6s	1.5s	44.8%	28.6 MB	103.4 MB	13.4 MB	668 B
149	3f/c706cb	1009535	SORT_INDEX (HG00513 | FCGR2_3 | 400kb | hap1)	COMPLETED	0	2026-10-01 00:19:21.207	5.2s	172ms	93.2%	5 MB	23.4 MB	1.3 MB	421.2 KB
150	d2/00e3b4	1009536	SORT_INDEX (HG00513 | FCGR2_3 | 400kb | hap2)	COMPLETED	0	2026-10-01 00:19:21.288	5.1s	164ms	74.3%	4.8 MB	23.4 MB	1.1 MB	318.3 KB
151	73/de1388	1009537	SORT_INDEX (HG00513 | FCGR2_3 | 400kb | hap1)	COMPLETED	0	2026-10-01 00:19:21.352	5.1s	184ms	82.1%	5.1 MB	23.8 MB	1.3 MB	401.5 KB
146	90/e47c71	1009532	SUMMARIZE (HG00513 | FCGR2_3 | 400kb | hap2)	COMPLETED	0	2026-10-01 00:19:02.331	28.8s	1.4s	46.9%	26.5 MB	101.6 MB	13 MB	667 B
147	71/71cb61	1009533	CLASSIFY_HAPLOTYPE (HG00171 | FCGR2_3 | 500kb | hap2)	COMPLETED	0	2026-10-01 00:19:02.379	33.7s	1.4s	51.9%	25.5 MB	101.2 MB	12.6 MB	691 B
148	31/cf8db0	1009534	CLASSIFY_HAPLOTYPE (HG00171 | FCGR2_3 | 500kb | hap1)	COMPLETED	0	2026-10-01 00:19:06.231	34.9s	1.1s	45.7%	30.4 MB	105.5 MB	12.6 MB	692 B
56	f8/c1fb98	1004731	HIFIASM (HG03583 | FCGR2_3 | 100kb | ONT)	COMPLETED	0	2026-09-30 19:59:19.443	4h 20m 32s	22.4s	1071.7%	16.2 GB	17.5 GB	102.8 MB	37.5 MB
156	73/05021b	1009545	SUMMARIZE (HG00513 | FCGR2_3 | 400kb | hap2)	COMPLETED	0	2026-10-01 00:19:50.560	30.5s	1.4s	44.4%	26.9 MB	102.1 MB	13 MB	669 B
155	85/88c813	1009546	SUMMARIZE (HG00513 | FCGR2_3 | 400kb | hap1)	COMPLETED	0	2026-10-01 00:19:53.612	27.5s	1.3s	42.3%	27.8 MB	103.2 MB	13 MB	695 B
140	12/6d1773	1009516	ALIGN_CONTIGS (HG00513 | FCGR2_3 | 1Mb | hap1)	COMPLETED	0	2026-10-01 00:18:20.593	2m 6s	1m 11s	187.8%	12 GB	12.2 GB	2.9 GB	3.8 MB
139	22/8966b5	1009517	ALIGN_CONTIGS (HG00513 | FCGR2_3 | 1Mb | hap2)	COMPLETED	0	2026-10-01 00:18:20.629	2m 6s	1m 15s	189.8%	12 GB	12.2 GB	2.9 GB	3.1 MB
157	cd/223bf5	1009547	SUMMARIZE (HG00513 | FCGR2_3 | 400kb | hap1)	COMPLETED	0	2026-10-01 00:19:53.655	32.6s	1.5s	46.9%	26.4 MB	101.6 MB	13 MB	697 B
158	b9/5a96e7	1009548	CLASSIFY_HAPLOTYPE (HG00513 | FCGR2_3 | 400kb | hap2)	COMPLETED	0	2026-10-01 00:19:53.693	32.6s	1.4s	51.9%	25.5 MB	101.2 MB	12.6 MB	692 B
159	7a/946d1c	1009549	GFA2FASTA (HG03583 | FCGR2_3 | 100kb)	COMPLETED	0	2026-10-01 00:19:54.767	31.5s	81ms	29.1%	3.4 MB	4.6 MB	1 MB	976.4 KB
145	87/ae93e3	1009531	SUMMARIZE (HG00171 | FCGR2_3 | 1Mb | hap1)	COMPLETED	0	2026-10-01 00:18:59.263	1m 32s	1.4s	45.9%	29.3 MB	103.6 MB	13.4 MB	668 B
154	d1/dd693e	1009544	CLASSIFY_HAPLOTYPE (HG00171 | FCGR2_3 | 1Mb | hap2)	COMPLETED	0	2026-10-01 00:19:47.502	43.6s	1.6s	54.6%	24.3 MB	99.6 MB	12.6 MB	692 B
160	55/207220	1009553	CLASSIFY_HAPLOTYPE (HG00513 | FCGR2_3 | 400kb | hap2)	COMPLETED	0	2026-10-01 00:20:21.211	34.9s	1.2s	47.6%	26.1 MB	101.5 MB	12.6 MB	693 B
161	bf/5a8d2d	1009554	CLASSIFY_HAPLOTYPE (HG00513 | FCGR2_3 | 400kb | hap1)	COMPLETED	0	2026-10-01 00:20:21.266	34.9s	1.1s	45.5%	28.7 MB	103.3 MB	12.6 MB	719 B
162	75/7a76fe	1009555	SORT_INDEX (HG00513 | FCGR2_3 | 1Mb | hap1)	COMPLETED	0	2026-10-01 00:20:26.226	34.9s	226ms	131.1%	5.1 MB	23.8 MB	2.2 MB	887 KB
163	45/dfaac7	1009556	SORT_INDEX (HG00513 | FCGR2_3 | 1Mb | hap2)	COMPLETED	0	2026-10-01 00:20:26.375	34.7s	197ms	130.4%	5 MB	23.4 MB	2 MB	744.1 KB
164	65/4c7a21	1009557	CLASSIFY_HAPLOTYPE (HG00513 | FCGR2_3 | 400kb | hap1)	COMPLETED	0	2026-10-01 00:20:26.438	34.7s	1.3s	50.7%	25.7 MB	101.3 MB	12.6 MB	721 B
152	d5/0b3d46	1009538	ALIGN_CONTIGS (HG03370 | FCGR2_3 | 400kb | hap2)	COMPLETED	0	2026-10-01 00:19:21.410	2m 10s	1m 9s	184.3%	12 GB	12.4 GB	2.9 GB	1.6 MB
153	4c/2f2649	1009539	ALIGN_CONTIGS (HG03370 | FCGR2_3 | 400kb | hap1)	COMPLETED	0	2026-10-01 00:19:21.464	2m 10s	1m 15s	188.4%	12 GB	12.4 GB	2.9 GB	2.2 MB
167	4f/892a1b	1009564	CLASSIFY_HAPLOTYPE (HG00171 | FCGR2_3 | 1Mb | hap1)	COMPLETED	0	2026-10-01 00:20:31.753	1m 1s	1.2s	48.4%	29.8 MB	105 MB	12.6 MB	692 B
169	e4/0cc031	1009565	SUMMARIZE (HG00513 | FCGR2_3 | 1Mb | hap2)	COMPLETED	0	2026-10-01 00:21:01.233	32s	1.3s	44.4%	28.8 MB	103.5 MB	13.3 MB	670 B
168	e0/c15512	1009566	SUMMARIZE (HG00513 | FCGR2_3 | 1Mb | hap1)	COMPLETED	0	2026-10-01 00:21:01.274	32s	1.6s	49.9%	26.1 MB	101.4 MB	13.4 MB	698 B
171	81/9fdce9	1009574	SORT_INDEX (HG03370 | FCGR2_3 | 400kb | hap1)	COMPLETED	0	2026-10-01 00:21:34.209	31.9s	175ms	101.6%	5 MB	24.3 MB	1.6 MB	540.2 KB
172	fe/fa4780	1009576	CLASSIFY_HAPLOTYPE (HG00513 | FCGR2_3 | 1Mb | hap2)	COMPLETED	0	2026-10-01 00:21:34.279	31.9s	1.2s	47.3%	26.2 MB	101.4 MB	12.6 MB	694 B
170	2c/8729a5	1009575	SORT_INDEX (HG03370 | FCGR2_3 | 400kb | hap2)	COMPLETED	0	2026-10-01 00:21:34.250	31.9s	158ms	100.9%	5 MB	23.4 MB	1.4 MB	447.5 KB
165	07/a3a6e6	1009558	ALIGN_CONTIGS (HG03583 | FCGR2_3 | 100kb | hap1)	COMPLETED	0	2026-10-01 00:20:27.472	2m 9s	1m 8s	190.7%	11.9 GB	12.3 GB	2.9 GB	808.6 KB
166	47/2284a8	1009559	ALIGN_CONTIGS (HG03583 | FCGR2_3 | 100kb | hap2)	COMPLETED	0	2026-10-01 00:20:27.502	2m 9s	1m 17s	183.8%	12 GB	12.4 GB	2.9 GB	897.3 KB
173	9e/d17a17	1009586	CLASSIFY_HAPLOTYPE (HG00513 | FCGR2_3 | 1Mb | hap1)	COMPLETED	0	2026-10-01 00:21:36.159	1m	1.2s	48.7%	26.2 MB	101.4 MB	12.6 MB	722 B
175	c3/815eb6	1009592	SUMMARIZE (HG03370 | FCGR2_3 | 400kb | hap2)	COMPLETED	0	2026-10-01 00:22:07.850	33.3s	1.4s	45.5%	29.6 MB	103.7 MB	13 MB	668 B
176	e2/c0f492	1009593	SORT_INDEX (HG03583 | FCGR2_3 | 100kb | hap1)	COMPLETED	0	2026-10-01 00:22:36.255	4.9s	173ms	53.6%	5.1 MB	25.3 MB	1008.3 KB	240.3 KB
177	db/706bb8	1009594	SORT_INDEX (HG03583 | FCGR2_3 | 100kb | hap2)	COMPLETED	0	2026-10-01 00:22:36.316	4.8s	150ms	61.3%	4.8 MB	23.4 MB	987.8 KB	230 KB
178	30/14a1ab	1009599	CLASSIFY_HAPLOTYPE (HG03370 | FCGR2_3 | 400kb | hap2)	COMPLETED	0	2026-10-01 00:22:47.205	28.9s	1.2s	47.4%	26.9 MB	101.9 MB	12.6 MB	692 B
179	ea/d70532	1009600	SUMMARIZE (HG03583 | FCGR2_3 | 100kb | hap1)	COMPLETED	0	2026-10-01 00:22:47.253	33.9s	1.3s	45.6%	27.7 MB	103.2 MB	12.9 MB	668 B
180	84/53abe5	1009601	SUMMARIZE (HG03583 | FCGR2_3 | 100kb | hap2)	COMPLETED	0	2026-10-01 00:22:48.308	32.8s	1.4s	43.8%	29.8 MB	104.8 MB	12.9 MB	670 B
174	c7/4e0edd	1009591	SUMMARIZE (HG03370 | FCGR2_3 | 400kb | hap1)	COMPLETED	0	2026-10-01 00:22:07.821	1m 33s	1.4s	45.3%	30 MB	105.2 MB	13.2 MB	670 B
181	ad/810b4a	1009606	CLASSIFY_HAPLOTYPE (HG03583 | FCGR2_3 | 100kb | hap1)	COMPLETED	0	2026-10-01 00:23:22.229	33.9s	1.1s	47.9%	27.3 MB	103.1 MB	12.6 MB	692 B
182	b4/298db0	1009607	CLASSIFY_HAPLOTYPE (HG03583 | FCGR2_3 | 100kb | hap2)	COMPLETED	0	2026-10-01 00:23:22.281	33.9s	1.1s	47.9%	27.4 MB	103.1 MB	12.6 MB	705 B
183	de/012eb8	1009608	CLASSIFY_HAPLOTYPE (HG03370 | FCGR2_3 | 400kb | hap1)	COMPLETED	0	2026-10-01 00:23:43.023	1m 3s	1.2s	46.2%	33.5 MB	110.9 MB	12.6 MB	694 B
184	34/759246	1009609	SELECT_CONTIGUOUS_PAIRS (select paired-contiguous assemblies)	COMPLETED	0	2026-10-01 00:23:43.071	1m 3s	1.4s	41.4%	29.2 MB	103.6 MB	12.3 MB	552 B
189	e8/1b5ff4	1009614	RECONSTRUCT_SEQUENCE (HG00171 | LRS | FCGR2_3 | 50kb)	COMPLETED	0	2026-10-01 00:24:46.658	34.5s	661ms	48.5%	27.7 MB	93.6 MB	3.6 MB	310.1 KB
188	38/50ec18	1009615	RECONSTRUCT_SEQUENCE (HG00171 | HGSVC | FCGR2_3 | 400kb)	COMPLETED	0	2026-10-01 00:24:46.721	34.4s	764ms	53.7%	31.9 MB	97.6 MB	3.9 MB	342.9 KB
192	22/e17904	1009621	RECONSTRUCT_SEQUENCE (HG03583 | LRS | FCGR2_3 | 400kb)	COMPLETED	0	2026-10-01 00:24:47.017	34.2s	700ms	53.0%	27.6 MB	93.6 MB	4.1 MB	244.7 KB
194	d7/d3e083	1009623	RECONSTRUCT_SEQUENCE (HG00171 | LRS | FCGR2_3 | 300kb)	COMPLETED	0	2026-10-01 00:24:47.099	34.1s	741ms	50.1%	27.5 MB	93.6 MB	3.7 MB	342.9 KB
197	43/0bbfb2	1009625	RECONSTRUCT_SEQUENCE (HG00171 | LRS | FCGR2_3 | 1Mb)	COMPLETED	0	2026-10-01 00:24:47.193	34s	953ms	56.6%	19.2 MB	83.4 MB	4.6 MB	342.8 KB
200	eb/e90e06	1009628	RECONSTRUCT_SEQUENCE (HG00171 | LRS | FCGR2_3 | 500kb)	COMPLETED	0	2026-10-01 00:24:47.297	34s	892ms	50.4%	23.3 MB	87.5 MB	4.1 MB	342.8 KB
185	62/280677	1009613	COMBINE_RESULTS (final summary)	COMPLETED	0	2026-10-01 00:24:46.524	1m 5s	1.5s	38.7%	29.3 MB	103.6 MB	12.3 MB	7.5 KB
187	6b/31d812	1009617	NOTE_ASSEMBLY_DIFFERENCES (HGSVC | HG00171 | FCGR2_3 | 400kb | hap2)	COMPLETED	0	2026-10-01 00:24:46.841	1m 34s	18s	54.8%	27.7 MB	93.6 MB	2.9 GB	36.2 KB
193	47/a2ce9c	1009618	RECONSTRUCT_SEQUENCE (HG00171 | LRS | FCGR2_3 | 400kb)	COMPLETED	0	2026-10-01 00:24:46.891	1m 34s	1.1s	51.9%	23.6 MB	87.8 MB	3.8 MB	342.9 KB
198	60/2de471	1009622	NOTE_ASSEMBLY_DIFFERENCES (LRS | HG00171 | FCGR2_3 | 200kb | hap1)	COMPLETED	0	2026-10-01 00:24:47.044	1m 34s	17.9s	54.2%	27.9 MB	93.6 MB	2.9 GB	41.2 KB
195	28/c7cf75	1009624	NOTE_ASSEMBLY_DIFFERENCES (LRS | HG00171 | FCGR2_3 | 50kb | hap2)	COMPLETED	0	2026-10-01 00:24:47.147	1m 34s	17s	57.1%	27.9 MB	93.6 MB	2.9 GB	36.8 KB
190	ef/eb3abf	1009620	NOTE_ASSEMBLY_DIFFERENCES (LRS | HG00171 | FCGR2_3 | 50kb | hap1)	COMPLETED	0	2026-10-01 00:24:46.989	1m 34s	17.9s	53.0%	27.9 MB	93.6 MB	2.9 GB	34.4 KB
202	0b/1f7e57	1009629	RECONSTRUCT_SEQUENCE (HG00513 | LRS | FCGR2_3 | 400kb)	COMPLETED	0	2026-10-01 00:24:47.323	1m 34s	842ms	48.7%	22 MB	85.1 MB	3.8 MB	423.5 KB
186	3e/5114c2	1009619	NOTE_ASSEMBLY_DIFFERENCES (HGSVC | HG00171 | FCGR2_3 | 400kb | hap1)	COMPLETED	0	2026-10-01 00:24:46.943	1m 34s	17.9s	54.7%	27.9 MB	93.6 MB	2.9 GB	40.5 KB
191	51/463feb	1009616	RECONSTRUCT_SEQUENCE (HG00171 | LRS | FCGR2_3 | 200kb)	COMPLETED	0	2026-10-01 00:24:46.780	1m 35s	780ms	50.0%	31.4 MB	96.6 MB	3.7 MB	342.9 KB
199	4f/7a3cc1	1009626	NOTE_ASSEMBLY_DIFFERENCES (LRS | HG00171 | FCGR2_3 | 200kb | hap2)	COMPLETED	0	2026-10-01 00:24:47.237	1m 34s	17s	55.8%	27.8 MB	92.6 MB	2.9 GB	36.8 KB
205	e8/92f4dd	1009630	NOTE_ASSEMBLY_DIFFERENCES (LRS | HG00171 | FCGR2_3 | 400kb | hap1)	COMPLETED	0	2026-10-01 00:24:47.347	1m 34s	16.6s	58.9%	27.8 MB	93.6 MB	2.9 GB	41.1 KB
201	ef/006ca0	1009627	NOTE_ASSEMBLY_DIFFERENCES (LRS | HG03583 | FCGR2_3 | 400kb | hap1)	COMPLETED	0	2026-10-01 00:24:47.262	1m 34s	17.6s	53.2%	27.7 MB	93.6 MB	2.9 GB	47.3 KB
203	93/d25ed4	1009633	NOTE_ASSEMBLY_DIFFERENCES (LRS | HG03583 | FCGR2_3 | 400kb | hap2)	COMPLETED	0	2026-10-01 00:25:22.192	59.1s	17.5s	55.3%	27.8 MB	92.6 MB	2.9 GB	91.7 KB
204	03/88fae0	1009634	RECONSTRUCT_SEQUENCE (HG00513 | HGSVC | FCGR2_3 | 400kb)	COMPLETED	0	2026-10-01 00:25:23.267	1m 3s	769ms	54.6%	27.9 MB	92.6 MB	3.9 MB	423.5 KB
207	39/3ed83d	1009635	RECONSTRUCT_SEQUENCE (HG00513 | HGSVC | FCGR2_3 | 1Mb)	COMPLETED	0	2026-10-01 00:25:24.307	1m 2s	940ms	57.4%	27.8 MB	92.6 MB	4.5 MB	423.5 KB
209	b9/f870bd	1009636	NOTE_ASSEMBLY_DIFFERENCES (LRS | HG00171 | FCGR2_3 | 300kb | hap1)	COMPLETED	0	2026-10-01 00:25:25.355	1m 1s	17.5s	56.9%	27.9 MB	93.6 MB	2.9 GB	36.8 KB
206	b3/9af3bf	1009637	NOTE_ASSEMBLY_DIFFERENCES (LRS | HG00171 | FCGR2_3 | 400kb | hap2)	COMPLETED	0	2026-10-01 00:25:25.381	1m 1s	17.5s	54.5%	27.7 MB	93.6 MB	2.9 GB	36.9 KB
211	65/4796d4	1009638	NOTE_ASSEMBLY_DIFFERENCES (LRS | HG00171 | FCGR2_3 | 1Mb | hap1)	COMPLETED	0	2026-10-01 00:25:31.421	55s	17.9s	53.3%	27.8 MB	92.6 MB	2.9 GB	36.8 KB
208	d1/c845f6	1009645	RECONSTRUCT_SEQUENCE (HG03370 | LRS | FCGR2_3 | 400kb)	COMPLETED	0	2026-10-01 00:26:27.382	1m 4s	776ms	52.6%	26.8 MB	91.1 MB	4.1 MB	325.5 KB
210	96/da6970	1009647	NOTE_ASSEMBLY_DIFFERENCES (LRS | HG00171 | FCGR2_3 | 300kb | hap2)	COMPLETED	0	2026-10-01 00:26:27.489	1m 4s	18.3s	52.1%	27.6 MB	93.6 MB	2.9 GB	41.1 KB
213	3e/f61679	1009648	NOTE_ASSEMBLY_DIFFERENCES (LRS | HG00171 | FCGR2_3 | 500kb | hap1)	COMPLETED	0	2026-10-01 00:26:27.526	1m 4s	17.3s	54.7%	27.8 MB	93.6 MB	2.9 GB	36.8 KB
212	29/9e9ddc	1009646	NOTE_ASSEMBLY_DIFFERENCES (LRS | HG00171 | FCGR2_3 | 1Mb | hap2)	COMPLETED	0	2026-10-01 00:26:27.427	1m 4s	17.1s	57.6%	27.7 MB	93.6 MB	2.9 GB	41.1 KB
214	ea/142fe8	1009649	NOTE_ASSEMBLY_DIFFERENCES (LRS | HG00171 | FCGR2_3 | 500kb | hap2)	COMPLETED	0	2026-10-01 00:26:27.568	1m 4s	18.3s	52.2%	28.1 MB	93.6 MB	2.9 GB	41.1 KB
216	2c/d94a6a	1009650	NOTE_ASSEMBLY_DIFFERENCES (LRS | HG00513 | FCGR2_3 | 400kb | hap2)	COMPLETED	0	2026-10-01 00:26:28.641	1m 3s	18.3s	51.7%	27.8 MB	92.6 MB	2.9 GB	39.6 KB
215	8b/e7891a	1009651	NOTE_ASSEMBLY_DIFFERENCES (LRS | HG00513 | FCGR2_3 | 400kb | hap1)	COMPLETED	0	2026-10-01 00:26:28.689	1m 3s	17.2s	55.4%	28 MB	93.6 MB	2.9 GB	118.8 KB
218	68/2fdc7d	1009652	NOTE_ASSEMBLY_DIFFERENCES (HGSVC | HG00513 | FCGR2_3 | 400kb | hap2)	COMPLETED	0	2026-10-01 00:26:28.734	1m 3s	18.3s	53.2%	27.9 MB	93.6 MB	2.9 GB	38.7 KB
217	4c/71f261	1009653	NOTE_ASSEMBLY_DIFFERENCES (HGSVC | HG00513 | FCGR2_3 | 400kb | hap1)	COMPLETED	0	2026-10-01 00:26:28.781	1m 3s	17.3s	56.3%	27.8 MB	93.6 MB	2.9 GB	116.8 KB
220	65/4002cd	1009654	NOTE_ASSEMBLY_DIFFERENCES (HGSVC | HG00513 | FCGR2_3 | 1Mb | hap2)	COMPLETED	0	2026-10-01 00:26:28.824	1m 3s	17.3s	55.0%	27.9 MB	93.6 MB	2.9 GB	38.7 KB
219	95/3d38ba	1009655	NOTE_ASSEMBLY_DIFFERENCES (HGSVC | HG00513 | FCGR2_3 | 1Mb | hap1)	COMPLETED	0	2026-10-01 00:26:28.865	1m 3s	17.3s	53.6%	27.9 MB	92.6 MB	2.9 GB	116.8 KB
221	ab/051a90	1009656	NOTE_ASSEMBLY_DIFFERENCES (LRS | HG03370 | FCGR2_3 | 400kb | hap1)	COMPLETED	0	2026-10-01 00:26:49.920	41.7s	17.3s	56.5%	27.9 MB	93.6 MB	2.9 GB	49.8 KB
196	88/c406b8	1009644	ACROSS_GROUPS_COMPARISON (across-group comparison)	COMPLETED	0	2026-10-01 00:26:27.286	1m 24s	13.3s	95.3%	1.6 GB	1.7 GB	23.8 MB	5.2 KB
228	c5/d7d7af	1009665	MERGE_ASSEMBLY_DIFFERENCES (LRS | HG00171 | FCGR2_3 | 1Mb)	COMPLETED	0	2026-10-01 00:28:00.195	31.2s	1.3s	52.5%	28.9 MB	103.3 MB	12.4 MB	44 KB
230	d7/e3063b	1009666	MERGE_ASSEMBLY_DIFFERENCES (LRS | HG00171 | FCGR2_3 | 500kb)	COMPLETED	0	2026-10-01 00:28:00.227	31.2s	1.3s	53.5%	28.6 MB	103.2 MB	12.4 MB	44 KB
231	80/118e51	1009667	MERGE_ASSEMBLY_DIFFERENCES (LRS | HG00513 | FCGR2_3 | 400kb)	COMPLETED	0	2026-10-01 00:28:00.276	31.1s	1.4s	53.6%	28.7 MB	103.2 MB	12.5 MB	132.7 KB
229	16/243f72	1009668	MERGE_ASSEMBLY_DIFFERENCES (LRS | HG00171 | FCGR2_3 | 300kb)	COMPLETED	0	2026-10-01 00:28:01.312	30.1s	1.4s	53.4%	28.8 MB	103.2 MB	12.4 MB	43.6 KB
232	f0/29a712	1009669	MERGE_ASSEMBLY_DIFFERENCES (HGSVC | HG00513 | FCGR2_3 | 400kb)	COMPLETED	0	2026-10-01 00:28:01.442	30s	1.2s	52.4%	29.7 MB	104.7 MB	12.5 MB	130.5 KB
233	60/aef97a	1009670	MERGE_ASSEMBLY_DIFFERENCES (HGSVC | HG00513 | FCGR2_3 | 1Mb)	COMPLETED	0	2026-10-01 00:28:01.515	30s	1.2s	52.4%	30.3 MB	105.4 MB	12.5 MB	130.5 KB
223	44/aa37ea	1009660	MERGE_ASSEMBLY_DIFFERENCES (HGSVC | HG00171 | FCGR2_3 | 400kb)	COMPLETED	0	2026-10-01 00:27:59.998	1m 1s	1.3s	51.8%	29.7 MB	104.7 MB	12.4 MB	43 KB
224	aa/a87316	1009661	MERGE_ASSEMBLY_DIFFERENCES (LRS | HG00171 | FCGR2_3 | 50kb)	COMPLETED	0	2026-10-01 00:28:00.036	1m 1s	1.4s	53.4%	27.6 MB	103 MB	12.4 MB	42 KB
226	33/f12ddc	1009662	MERGE_ASSEMBLY_DIFFERENCES (LRS | HG03583 | FCGR2_3 | 400kb)	COMPLETED	0	2026-10-01 00:28:00.082	1m 1s	1.4s	53.5%	28.3 MB	103.1 MB	12.5 MB	120.9 KB
225	89/2483a7	1009663	MERGE_ASSEMBLY_DIFFERENCES (LRS | HG00171 | FCGR2_3 | 200kb)	COMPLETED	0	2026-10-01 00:28:00.115	1m 1s	1.8s	57.6%	25.2 MB	101.1 MB	12.4 MB	43.9 KB
227	3e/69ab22	1009664	MERGE_ASSEMBLY_DIFFERENCES (LRS | HG00171 | FCGR2_3 | 400kb)	COMPLETED	0	2026-10-01 00:28:00.158	1m 1s	1.4s	53.3%	28.6 MB	103.2 MB	12.4 MB	44 KB
222	c9/6a6025	1009659	NOTE_ASSEMBLY_DIFFERENCES (LRS | HG03370 | FCGR2_3 | 400kb | hap2)	COMPLETED	0	2026-10-01 00:27:56.888	1m 4s	16.7s	57.4%	27.9 MB	93.6 MB	2.9 GB	43 KB
234	32/096819	1009672	MERGE_ASSEMBLY_DIFFERENCES (LRS | HG03370 | FCGR2_3 | 400kb)	COMPLETED	0	2026-10-01 00:29:16.604	16.8s	1.3s	54.0%	26.7 MB	101.8 MB	12.4 MB	62.8 KB
235	f8/bf8c44	1009673	COMPARE_GROUP_DIFFERENCES (across-group difference comparison)	COMPLETED	0	2026-10-01 00:29:33.616	34.8s	2s	62.2%	77.1 MB	170.3 MB	13.2 MB	353.6 KB
236	a5/1220f6	1009675	GENERATE_REPORT (HTML workflow report)	COMPLETED	0	2026-10-01 00:30:08.506	34.9s	2.1s	57.2%	130.9 MB	226.4 MB	31 MB	4.6 MB
